<?xml version="1.0" encoding="UTF-8"?>
<root>
  <item name="android.support.v4.text.util.LinkifyCompat boolean addLinks(android.text.Spannable, int) 1">
    <annotation name="android.support.annotation.IntDef">
      <val name="flag" val="true" />
      <val name="value" val="{android.text.util.Linkify.WEB_URLS, android.text.util.Linkify.EMAIL_ADDRESSES, android.text.util.Linkify.PHONE_NUMBERS, android.text.util.Linkify.MAP_ADDRESSES, android.text.util.Linkify.ALL}" />
    </annotation>
  </item>
  <item name="android.support.v4.text.util.LinkifyCompat boolean addLinks(android.widget.TextView, int) 1">
    <annotation name="android.support.annotation.IntDef">
      <val name="flag" val="true" />
      <val name="value" val="{android.text.util.Linkify.WEB_URLS, android.text.util.Linkify.EMAIL_ADDRESSES, android.text.util.Linkify.PHONE_NUMBERS, android.text.util.Linkify.MAP_ADDRESSES, android.text.util.Linkify.ALL}" />
    </annotation>
  </item>
</root>

